ADM_CD,지가변동률_2022,지가_2022
11010530.0,4.858499999999999,96.51791666666666
11010540.0,4.673571428571429,96.46142857142856
11010550.0,5.295000000000001,96.764
11010560.0,5.151000000000001,96.442
11010570.0,4.891000000000001,97.809
11010580.0,4.9965,97.0645
11010600.0,4.456999999999999,96.575
11010610.0,4.756999999999999,96.44417241379308
11010630.0,4.9978,96.3214
11010640.0,4.942,97.67199999999998
11010670.0,5.069999999999999,95.806
11010680.0,5.069999999999999,95.806
11010690.0,5.069999999999999,95.806
11010700.0,5.025,96.973
11010710.0,5.025,96.973
11010720.0,4.8864,96.6269
11010730.0,4.8505,97.47116666666666
11020520.0,4.953499999999999,97.26858333333332
11020540.0,4.8575,97.4205
11020550.0,4.612304347826085,97.5097826086956
11020570.0,4.639909090909091,97.65218181818182
11020580.0,4.723,98.111
11020590.0,4.6253,97.3411
11020600.0,4.5412,96.3153
11020650.0,5.335999999999999,97.246
11020670.0,5.435,97.125
11020680.0,5.212500000000001,97.62575
11020690.0,5.369,97.20566666666666
11020700.0,5.335999999999999,97.246
11020710.0,5.335999999999999,97.246
11020720.0,5.335999999999999,97.246
11020730.0,5.335999999999999,97.246
11030510.0,5.285,96.328
11030520.0,4.2090000000000005,96.301
11030530.0,5.722,95.515
11030570.0,4.605200000000001,97.1912
11030580.0,3.059,98.033
11030590.0,3.92,98.446
11030630.0,4.587999999999999,97.464
11030640.0,4.587999999999999,97.464
11030650.0,3.716,95.772
11030660.0,3.716,95.772
11030690.0,5.314,96.08
11030700.0,6.7410000000000005,96.685
11030710.0,5.648,96.016
11030720.0,5.278000000000001,96.456
11030730.0,5.529,95.563
11030740.0,6.127000000000001,95.366
11040520.0,3.8210000000000006,96.967
11040540.0,3.708,97.191
11040550.0,4.017,97.691
11040560.0,4.017,97.691
11040570.0,4.017,97.691
11040580.0,4.017,97.691
11040590.0,4.088,97.918
11040620.0,4.088,97.918
11040650.0,9.54,91.125
11040660.0,9.54,91.125
11040670.0,9.879,90.255
11040680.0,9.879,90.255
11040690.0,3.319,96.081
11040700.0,3.804,96.0135
11040710.0,4.016,96.838
11040720.0,4.088,97.918
11040730.0,3.617,98.607
11050530.0,4.164,97.586
11050540.0,4.432,97.791
11050550.0,4.843000000000001,96.977
11050560.0,4.843000000000001,96.977
11050570.0,4.843000000000001,96.977
11050580.0,4.843000000000001,96.977
11050590.0,4.231,97.782
11050600.0,5.349,97.36
11050610.0,5.349,97.36
11050620.0,5.349,97.36
11050630.0,3.409,98.883
11050640.0,5.987000000000001,95.934
11050650.0,5.987000000000001,95.934
11050660.0,5.987000000000001,95.934
11050670.0,5.987000000000001,95.934
11060710.0,4.574999999999999,97.909
11060720.0,4.009,97.823
11060730.0,4.009,97.823
11060800.0,6.041,97.088
11060810.0,5.94,96.702
11060820.0,6.214,96.562
11060830.0,5.443000000000001,96.624
11060840.0,5.443000000000001,96.624
11060860.0,4.6450000000000005,97.727
11060870.0,4.291,97.198
11060880.0,4.291,97.198
11060890.0,5.291,96.737
11060900.0,5.291,96.737
11060910.0,4.6450000000000005,97.727
11070520.0,4.599000000000001,97.119
11070540.0,4.599000000000001,97.119
11070550.0,4.599000000000001,97.119
11070570.0,4.599000000000001,97.119
11070590.0,4.4990000000000006,97.494
11070600.0,4.4990000000000006,97.494
11070610.0,4.347,97.849
11070620.0,4.347,97.849
11070640.0,3.931,98.09
11070650.0,3.931,98.09
11070680.0,3.945,97.614
11070690.0,3.902,98.415
11070700.0,3.902,98.415
11070710.0,4.599000000000001,97.119
11070720.0,4.599000000000001,97.119
11070730.0,3.945,97.614
11080580.0,4.187,98.888
11080590.0,4.187,98.888
11080600.0,4.689,98.7484
11080610.0,4.488714285714286,98.38071428571428
11080620.0,4.594333333333333,98.312
11080630.0,4.3005,98.1395
11080640.0,4.414,97.391
11080650.0,4.414,97.391
11080660.0,5.182,98.657
11080680.0,4.9425,98.311
11080710.0,4.702999999999999,97.965
11080720.0,4.702999999999999,97.965
11080760.0,5.087000000000001,97.525
11080770.0,5.087000000000001,97.525
11080780.0,5.087000000000001,97.525
11080810.0,4.477000000000001,97.963
11080820.0,4.543666666666666,98.88455555555556
11080830.0,4.409375,98.822625
11080840.0,4.754,98.301
11080850.0,4.735000000000001,97.599
11090600.0,3.535,98.106
11090610.0,3.535,98.106
11090620.0,3.535,98.106
11090630.0,3.528999999999999,98.466
11090640.0,3.528999999999999,98.466
11090650.0,3.528999999999999,98.466
11090690.0,4.930000000000001,97.841
11090700.0,4.930000000000001,97.841
11090710.0,4.930000000000001,97.841
11090720.0,4.930000000000001,97.841
11090730.0,4.930000000000001,97.841
11090740.0,2.8675,99.096
11090750.0,3.528999999999999,98.466
11100510.0,4.024,98.346
11100520.0,4.024,98.346
11100530.0,4.024,98.346
11100540.0,4.024,98.346
11100550.0,3.845,98.398
11100560.0,3.845,98.398
11100570.0,3.845,98.398
11100590.0,4.122999999999999,98.121
11100600.0,4.122999999999999,98.121
11100610.0,4.122999999999999,98.121
11100620.0,4.122999999999999,98.121
11100630.0,4.122999999999999,98.121
11100640.0,3.959000000000001,98.614
11100650.0,3.959000000000001,98.614
11110510.0,4.0,97.592
11110520.0,4.0,97.592
11110530.0,4.0,97.592
11110560.0,3.939,97.514
11110580.0,3.606,97.907
11110590.0,3.606,97.907
11110600.0,4.197,98.338
11110610.0,4.197,98.338
11110640.0,4.197,98.338
11110650.0,4.4270000000000005,98.588
11110660.0,4.4270000000000005,98.588
11110690.0,4.4270000000000005,98.588
11110720.0,4.4270000000000005,98.588
11110730.0,4.4270000000000005,98.588
11110740.0,4.4270000000000005,98.588
11110760.0,4.4270000000000005,98.588
11110770.0,4.4270000000000005,98.588
11110780.0,4.197,98.338
11110790.0,3.939,97.514
11120510.0,4.838000000000001,97.729
11120520.0,4.994999999999999,97.611
11120550.0,4.762,97.777
11120560.0,4.762,97.777
11120570.0,4.497000000000001,98.129
11120580.0,4.564,97.645
11120590.0,4.786,97.56
11120600.0,4.786,97.56
11120650.0,4.674,98.23
11120660.0,4.674,98.23
11120670.0,4.952999999999999,98.168
11120680.0,4.962000000000001,98.06
11120710.0,4.341,98.685
11120720.0,4.994999999999999,97.611
11120730.0,4.786,97.56
11120740.0,4.705,97.92
11130520.0,3.6318,99.3594
11130620.0,4.233,97.962
11130640.0,4.233,97.962
11130650.0,4.233,97.962
11130660.0,4.303,98.092
11130680.0,4.303,98.092
11130690.0,4.616,98.86
11130700.0,4.616,98.86
11130710.0,4.676,98.89
11130720.0,4.676,98.89
11130730.0,5.299799999999999,97.8566
11130740.0,6.283,96.743
11130750.0,3.7662,98.5512
11130760.0,4.748,96.725
11140590.0,5.049666666666667,96.847
11140600.0,5.156666666666666,96.49233333333332
11140610.0,5.3285,96.4205
11140630.0,5.043,97.0652
11140660.0,5.582666666666667,95.376
11140680.0,5.194,96.417
11140690.0,5.183999999999999,96.841
11140700.0,5.183999999999999,96.841
11140710.0,5.334999999999999,94.662
11140720.0,4.894,97.574
11140730.0,4.894,97.574
11140740.0,4.712000000000001,97.582
11140750.0,4.9750000000000005,97.266
11140760.0,5.0668,97.3834
11140770.0,5.29275,96.76725
11140780.0,5.281,96.23533333333334
11150510.0,4.957999999999999,96.981
11150520.0,4.957999999999999,96.981
11150530.0,4.957999999999999,96.981
11150540.0,4.957999999999999,96.981
11150570.0,3.863,97.993
11150580.0,3.863,97.993
11150590.0,3.863,97.993
11150600.0,3.863,97.993
11150610.0,3.863,97.993
11150620.0,3.863,97.993
11150630.0,3.863,97.993
11150640.0,4.501,97.168
11150650.0,4.501,97.168
11150660.0,4.501,97.168
11150690.0,4.501,97.168
11150700.0,4.501,97.168
11150710.0,4.957999999999999,96.981
11150720.0,4.501,97.168
11160510.0,4.992,96.8465
11160520.0,4.82,97.075
11160530.0,4.82,97.075
11160540.0,4.82,97.075
11160550.0,4.892,97.676
11160570.0,4.892,97.676
11160580.0,4.892,97.676
11160590.0,4.892,97.676
11160610.0,4.892,97.676
11160630.0,4.892,97.676
11160640.0,5.164,96.618
11160650.0,5.164,96.618
11160660.0,5.164,96.618
11160670.0,4.654,97.174
11160690.0,3.923833333333333,97.813
11160700.0,4.994666666666666,97.258
11160710.0,3.8815,97.973
11160720.0,4.91,97.578
11160730.0,4.892,97.676
11160740.0,4.6455,97.564
11170510.0,4.164,97.557
11170520.0,4.164,97.557
11170540.0,4.164,97.557
11170550.0,4.164,97.557
11170560.0,4.164,97.557
11170610.0,4.099,97.556
11170620.0,4.099,97.556
11170640.0,4.099,97.556
11170650.0,4.099,97.556
11170670.0,3.63,98.199
11170690.0,3.63,98.199
11170700.0,4.164,97.557
11170710.0,4.164,97.557
11170720.0,4.099,97.556
11170730.0,3.3919999999999995,98.1075
11170740.0,3.1539999999999995,98.016
11180510.0,4.409,96.254
11180520.0,4.205,97.099
11180530.0,4.205,97.099
11180540.0,4.205,97.099
11180550.0,4.205,97.099
11180570.0,3.955,97.049
11180580.0,3.955,97.049
11180590.0,3.955,97.049
11180600.0,3.955,97.049
11180610.0,3.955,97.049
11190540.0,5.558000000000001,95.38
11190550.0,4.727,96.697
11190560.0,4.766500000000001,96.7235
11190610.0,4.845999999999999,96.919
11190620.0,4.715333333333333,96.88833333333334
11190630.0,5.612000000000001,97.183
11190650.0,5.612000000000001,97.183
11190660.0,5.612000000000001,97.183
11190670.0,5.612000000000001,97.183
11190680.0,5.612000000000001,97.183
11190690.0,5.612000000000001,97.183
11190700.0,5.612000000000001,97.183
11190710.0,5.612000000000001,97.183
11190720.0,5.612000000000001,97.183
11190730.0,5.3775,97.1455
11190740.0,4.942888888888889,96.99344444444444
11190750.0,5.143,97.108
11190760.0,4.833333333333333,96.988
11200520.0,5.085999999999999,95.841
11200530.0,4.768,96.642
11200540.0,4.768,96.642
11200550.0,4.768,96.642
11200560.0,4.768,96.642
11200630.0,4.755000000000002,96.746
11200650.0,4.755000000000002,96.746
11200660.0,4.755000000000002,96.746
11200670.0,4.755000000000002,96.746
11200680.0,4.526,97.034
11200690.0,4.526,97.034
11200700.0,4.526,97.034
11200710.0,4.452999999999999,96.979
11200720.0,4.769499999999999,96.41
11200730.0,3.5580000000000007,97.6725
11210520.0,4.862,97.428
11210540.0,4.862,97.428
11210570.0,4.862,97.428
11210580.0,4.862,97.428
11210610.0,4.862,97.428
11210620.0,4.862,97.428
11210630.0,3.7639999999999993,97.428
11210640.0,5.261,97.209
11210650.0,5.261,97.209
11210660.0,5.261,97.209
11210680.0,5.261,97.209
11210690.0,5.261,97.209
11210710.0,5.261,97.209
11210720.0,5.261,97.209
11210730.0,5.261,97.209
11210780.0,4.862,97.428
11210790.0,4.862,97.428
11210800.0,4.862,97.428
11210810.0,5.261,97.209
11210820.0,5.261,97.209
11210830.0,5.261,97.209
11220510.0,6.267,95.027
11220520.0,6.267,95.027
11220530.0,6.2205,95.148
11220540.0,6.267,95.027
11220550.0,5.301,95.151
11220560.0,5.704999999999999,95.317
11220570.0,5.704999999999999,95.317
11220580.0,5.704999999999999,95.317
11220590.0,5.301,95.151
11220600.0,5.704999999999999,95.317
11220610.0,6.174,95.269
11220620.0,6.174,95.269
11220630.0,6.174,95.269
11220640.0,6.174,95.269
11220650.0,6.174,95.269
11220660.0,4.878,95.64
11220670.0,4.878,95.64
11220680.0,4.984,96.598
11230510.0,5.977500000000001,94.2535
11230511.0,5.510333333333333,95.98533333333334
11230520.0,6.058999999999999,93.814
11230530.0,6.058999999999999,93.814
11230580.0,6.622,93.641
11230590.0,6.622,93.641
11230600.0,6.005,95.318
11230630.0,6.005,95.318
11230640.0,6.214,92.677
11230650.0,6.214,92.677
11230660.0,5.534,95.906
11230670.0,5.534,95.906
11230680.0,5.377,95.857
11230710.0,5.377,95.857
11230720.0,5.149,96.781
11230730.0,5.149,96.781
11230750.0,5.149,96.781
11230760.0,4.952000000000001,96.82099999999998
11230770.0,5.977500000000001,94.2535
11230780.0,5.971,94.388
11230790.0,6.005,95.318
11230800.0,5.263,96.319
11240510.0,4.8870000000000005,98.091
11240520.0,4.8870000000000005,98.091
11240530.0,6.116,95.106
11240540.0,6.116,95.106
11240550.0,6.327000000000001,95.606
11240560.0,6.327000000000001,95.606
11240570.0,5.760999999999999,96.675
11240580.0,5.760999999999999,96.675
11240590.0,5.760999999999999,96.675
11240600.0,5.118,97.4
11240610.0,5.33,96.997
11240620.0,5.33,96.997
11240630.0,5.388,97.027
11240640.0,5.57,96.886
11240650.0,5.521,97.061
11240660.0,5.521,97.061
11240670.0,5.521,97.061
11240680.0,4.938,96.364
11240690.0,4.767,96.417
11240710.0,5.84,94.75
11240750.0,5.872,95.708
11240770.0,5.872,95.708
11240780.0,5.84,94.75
11240790.0,5.84,94.75
11240800.0,5.84,94.75
11240810.0,4.767,96.417
11240820.0,5.356,95.788
11250530.0,4.441000000000001,97.218
11250540.0,4.441000000000001,97.218
11250550.0,4.8500000000000005,96.972
11250560.0,4.8500000000000005,96.972
11250580.0,4.775,97.058
11250590.0,4.775,97.058
11250610.0,5.853,95.619
11250630.0,5.853,95.619
11250650.0,5.203000000000001,96.264
11250660.0,5.203000000000001,96.264
11250670.0,5.203000000000001,96.264
11250700.0,4.536,97.122
11250710.0,4.536,97.122
11250720.0,4.775,97.058
11250730.0,5.853,95.619
11250740.0,5.343,97.15
11250750.0,4.596,97.736
11250760.0,4.718999999999999,97.45
11250770.0,4.718999999999999,97.45
